Filename,URL
nedlastede_filer\010_Endringsdokument_NCRP_2023-2024.txt,https://www.ehelse.no/kodeverk-og-terminologi/Norsk-klinisk-prosedyrekodeverk-%28NKPK%29/_/attachment/inline/6697bde9-b70a-42e1-9944-35c37d690dde:d42d861a57400e1baae56ab50ca692cd0ec4033d/Endringsdokument%20NCRP%202023-2024.xlsx
nedlastede_filer\010_Endringsdokument_NCSP_2023-2024.txt,https://www.ehelse.no/kodeverk-og-terminologi/Norsk-klinisk-prosedyrekodeverk-%28NKPK%29/_/attachment/inline/512cd0f3-4cca-498e-ae01-eaf26c2fa3c0:9678daf24246116ef04e82b8f7dfdbf6f7c74e1d/Endringsdokument%20NCSP%202023-2024.xlsx
nedlastede_filer\010_NKPK_kumulativt_endringsdokument_alle_prosedyrekoder_1999-2024.txt,https://www.ehelse.no/kodeverk-og-terminologi/Norsk-klinisk-prosedyrekodeverk-%28NKPK%29/_/attachment/inline/b3ce840e-e369-4b4d-813e-830436067b08:831ab8574ebb0927449c49953dd22185926e45e0/NKPK%20kumulativt%20endringsdokument%20alle%20prosedyrekoder%201999-2024.xlsx
nedlastede_filer\010_Alle_prosedyrekoder_2023.txt,https://www.ehelse.no/kodeverk-og-terminologi/Norsk-klinisk-prosedyrekodeverk-%28NKPK%29/_/attachment/inline/44820525-0536-4356-a697-a82e98bb875c:7facd9ce253b9bd5dd9d467fa8fa3e894ce74647/Alle%20prosedyrekoder%202023.xlsx
nedlastede_filer\010_Endringsdokument_NCMP_2022-2023.txt,https://www.ehelse.no/kodeverk-og-terminologi/Norsk-klinisk-prosedyrekodeverk-%28NKPK%29/_/attachment/inline/c2cdfae8-8f08-4570-a87f-f539138ecffa:fc715c37202fbfbe19143bfa6611ef5918024c47/Endringsdokument%20NCMP%202022-2023.xlsx
nedlastede_filer\010_Endringsdokument_NCRP_2022-2023.txt,https://www.ehelse.no/kodeverk-og-terminologi/Norsk-klinisk-prosedyrekodeverk-%28NKPK%29/_/attachment/inline/4c48782d-5c41-4187-9d07-89ae7ece44d1:a593a09247ee0877fad25c7daf792dbc945b1fa1/Endringsdokument%20NCRP%202022-2023.xlsx
nedlastede_filer\010_Endringsdokument_NCSP_2022-2023.txt,https://www.ehelse.no/kodeverk-og-terminologi/Norsk-klinisk-prosedyrekodeverk-%28NKPK%29/_/attachment/inline/88dd1e38-5724-4e64-9a44-1f2604b251b4:6a8d8fb03b52e11c5d7e0e313a4573a2768ed6a3/Endringsdokument%20NCSP%202022-2023.xlsx
nedlastede_filer\010_NKPK_kumulativt_endringsdokument_alle_prosedyrekoder_1999-2023.txt,https://www.ehelse.no/kodeverk-og-terminologi/Norsk-klinisk-prosedyrekodeverk-%28NKPK%29/_/attachment/inline/7930d5a3-5cd1-46a6-8cb2-61154ae73f38:fffed2372f39daa236577506e993fcd8c2343f8c/NKPK%20kumulativt%20endringsdokument%20alle%20prosedyrekoder%201999-2023.xlsx
nedlastede_filer\010_Skjema_for_ønske_om_endring_i_helsefaglege_kodeverk.html,https://www.ehelse.no/kodeverk-og-terminologi/Norsk-klinisk-prosedyrekodeverk-%28NKPK%29/_/attachment/inline/91536ed0-6bad-42ee-93e4-f493b90e15ce:566b9ddaccfe84af9e4bff2b18f140c1f2a615da/Skjema%20for%20%C3%B8nske%20om%20endring%20i%20helsefaglege%20kodeverk%20%28bokm%C3%A5l%29.docx
nedlastede_filer\010_Skjema_ynske_om_endring_i_helsefaglege_kodeverk.html,https://www.ehelse.no/kodeverk-og-terminologi/Norsk-klinisk-prosedyrekodeverk-%28NKPK%29/_/attachment/inline/c4fc3f16-d231-4b22-a456-299c7834881b:9042052a02292892673a72b16b74088af4414f70/Skjema%20ynske%20om%20endring%20i%20helsefaglege%20kodeverk%20%28nynorsk%29.docx
nedlastede_filer\010_NCRP_Norsk_klassifikasjon_av_radiologiske_prosedyrer_(ehelse.html,https://www.ehelse.no/kodeverk-og-terminologi/Norsk-klinisk-prosedyrekodeverk-(NKPK)
nedlastede_filer\001_Målarkitektur_for_dokumentdeling.pdf,https://www.ehelse.no/standardisering/standarder/malarkitektur-for-dokumentdeling
"nedlastede_filer\001_Målarkitektur_for_dokumentdeling,_se_kap_6.1_(ehelse.html",https://www.ehelse.no/standardisering/standarder/malarkitektur-for-dokumentdeling
nedlastede_filer\002_Referansearkitektur_for_dokumentdeling.pdf,https://www.ehelse.no/standardisering/standarder/referansearkitektur-for-dokumentdeling
nedlastede_filer\002_Referansearkitektur_for_dokumentdeling_(ehelse.html,https://www.ehelse.no/standardisering/standarder/referansearkitektur-for-dokumentdeling
nedlastede_filer\003_Retningslinjer_for_logging_ved_data-_og_dokumentdeling.pdf,https://www.ehelse.no/standardisering/standarder/retningslinjer-for-logging-ved-data-og-dokumentdeling
nedlastede_filer\003_Retningslinjer_for_logging_ved_data-_og_dokumentdeling_(ehelse.html,https://www.ehelse.no/standardisering/standarder/retningslinjer-for-logging-ved-data-og-dokumentdeling
nedlastede_filer\004_Mal_for_personvernkonsekvensvurderingWord.html,https://www.ehelse.no/standardisering/standarder/mal-og-veiledning-for-utfylling-av-personvernkonsekvensvurdering-dpia
nedlastede_filer\004_Veileder_for_utfylling_av_mal_for_personvernkonsekvensvurdering.pdf,https://www.ehelse.no/standardisering/standarder/mal-og-veiledning-for-utfylling-av-personvernkonsekvensvurdering-dpia
nedlastede_filer\004_Mal_og_veiledning_for_utfylling_av_personvernkonsekvensvurdering(ehelse.html,https://www.ehelse.no/standardisering/standarder/mal-og-veiledning-for-utfylling-av-personvernkonsekvensvurdering-dpia
nedlastede_filer\005_Veileder_-_Bruk_av_Digitaliseringsdirektoratets_Overordnede_arkitekturprinsipper.pdf,https://www.ehelse.no/standardisering/standarder/veileder-for-helse-og-omsorgssektoren-bruk-av-digitaliseringsdirektoratets-overordnede-arkitekturprinsipper-for-digitalisering-av-offentlig-sektor
nedlastede_filer\005_strategi-helsekompetanse-uu.pdf,https://www.ehelse.no/standardisering/standarder/veileder-for-helse-og-omsorgssektoren-bruk-av-digitaliseringsdirektoratets-overordnede-arkitekturprinsipper-for-digitalisering-av-offentlig-sektor
nedlastede_filer\005_Funksjonell_kravspesifikasjon.pdf,https://www.ehelse.no/standardisering/standarder/veileder-for-helse-og-omsorgssektoren-bruk-av-digitaliseringsdirektoratets-overordnede-arkitekturprinsipper-for-digitalisering-av-offentlig-sektor
nedlastede_filer\005_V3.1_E-helsekapabiliteter_Én_innbygger_-_én_journal.pdf,https://www.ehelse.no/standardisering/standarder/veileder-for-helse-og-omsorgssektoren-bruk-av-digitaliseringsdirektoratets-overordnede-arkitekturprinsipper-for-digitalisering-av-offentlig-sektor
nedlastede_filer\005_et-klarere-lovspraak-tips-og-inspirasjon-til-deg-som-skriver-lover_0.pdf,https://www.ehelse.no/standardisering/standarder/veileder-for-helse-og-omsorgssektoren-bruk-av-digitaliseringsdirektoratets-overordnede-arkitekturprinsipper-for-digitalisering-av-offentlig-sektor
nedlastede_filer\005_Veileder_for_helse-_og_omsorgssektoren_Bruk_av_Digitaliseringsdirektoratets_Over.html,https://www.ehelse.no/standardisering/standarder/veileder-for-helse-og-omsorgssektoren-bruk-av-digitaliseringsdirektoratets-overordnede-arkitekturprinsipper-for-digitalisering-av-offentlig-sektor
nedlastede_filer\006_Veileder_om_bruk_av_NS-EN_27269-_oppdatert.pdf,https://www.ehelse.no/standardisering/standarder/veileder-om-bruk-av-ns-en-27269-helseinformatikk-oppsummerende-pasientopplysninger-IPS
nedlastede_filer\006_G7-international-patient-summary-roadmap.pdf,https://www.ehelse.no/standardisering/standarder/veileder-om-bruk-av-ns-en-27269-helseinformatikk-oppsummerende-pasientopplysninger-IPS
nedlastede_filer\006_Veileder_om_bruk_av_NS-EN_ISO_272692022_Helseinformatikk_-_Oppsummerende_pasient.html,https://www.ehelse.no/standardisering/standarder/veileder-om-bruk-av-ns-en-27269-helseinformatikk-oppsummerende-pasientopplysninger-IPS
nedlastede_filer\007_Krav_til_sikkerhetsbillett_ved_deling_av_helseopplysninger.pdf,https://www.ehelse.no/standardisering/standarder/krav-til-sikkerhetsbillett-ved-deling-av-helseopplysninger
nedlastede_filer\007_Krav_til_sikkerhetsbillett_ved_deling_av_helseopplysninger_(ehelse.html,https://www.ehelse.no/standardisering/standarder/krav-til-sikkerhetsbillett-ved-deling-av-helseopplysninger
nedlastede_filer\008_FEST_-_Forskrivnings-_og_ekspedisjonsstøtte_(legemiddelverket.html,https://www.legemiddelverket.no/om-oss/distribusjon-av-legemiddeldata/fest
nedlastede_filer\009_ICD-10_Den_internasjonale_statistiske_klassifikasjonen_av_sykdommer_og_beslekted.html,https://www.ehelse.no/standardisering/standarder/icd-10-den-internasjonale-statistiske-klassifikasjonen-av-sykdommer-og-beslektede-helseproblemer
nedlastede_filer\011_Norsk_laboratoriekodeverk_(ehelse.html,https://www.ehelse.no/standardisering/standarder/norsk-laboratoriekodeverk
nedlastede_filer\012_Absoluttlisten(nhn.pdf,https://www.nhn.no/tjenester/kjernejournal/dokumentasjon-for-kjernejournal/nyttig-dokumentasjon-for-helsepersonell/Absoluttliste%20-%20nettversjon%200721.pdf
nedlastede_filer\013_Norsk_patologikodeverk_(ehelse.html,https://www.ehelse.no/standardisering/standarder/norsk-patologikodeverk
nedlastede_filer\014_Kritisk_informasjon_i_kjernejournal_-_klinisk_beskrivelse_og_kodeverk(nhn.pdf,https://www.nhn.no/tjenester/kjernejournal/dokumentasjon-for-kjernejournal/nyttig-dokumentasjon-for-helsepersonell/IE-2006_kritisk%20informasjon_Klinisk%20beskrivelse%20og%20kodeverk_.pdf
"nedlastede_filer\015_Implementation_guide_for_Norwegian_usage_of_IHE_XDS,_XCA_and_XUA(nhn.pdf",https://utviklerportal-dev.utvikling.nhn.no/media/2ujlacuk/implementation-guide-for-norwegian-usage-of-ihe-xds-xca-and-xua.pdf
"nedlastede_filer\016_Logg,_logging_og_loggkontroll_(nhn.pdf","https://www.nhn.no/tjenester/kjernejournal/deling-av-journaldokumenter-gjennom-kjernejournal/Logg,%20loggkontroll%20og%20loggoppf%C3%B8lging.pdf"
nedlastede_filer\017_Dokumentdeling_(utviklerportal.nhn.html,https://utviklerportal.nhn.no/informasjonstjenester/pasientens-journaldokumenter-i-kjernejournal/
nedlastede_filer\018_Begrepsdefinisjoner_for_tilgangsbegrensning_mv._i_behandlingsrettede_helseregist.html,https://www.ehelse.no/standardisering/standarder/Begrepsdefinisjoner%20for%20tilgangsbegrensning%20mv.%20i%20behandlingsrettede%20helseregistre
nedlastede_filer\019_Bruk_av_Svarrapport_v1.4_i_Pasientens_prøvesvar.pdf,https://www.ehelse.no/standardisering/standarder/Bruk%20av%20XML%20svarrapport%20v1.4%20i%20Pasientens%20pr%C3%B8vesvar
nedlastede_filer\019_Bruk_av_XML_svarrapport_v1.4_i_Pasientens_prøvesvar_(ehelse.html,https://www.ehelse.no/standardisering/standarder/Bruk%20av%20XML%20svarrapport%20v1.4%20i%20Pasientens%20pr%C3%B8vesvar
nedlastede_filer\020_Målarkitektur_for_datadeling_i_helse-_og_omsorgssektoren.pdf,"https://www.ehelse.no/standardisering/standarder/malarkitektur-for-datadeling-i-helse-og-omsorgssektoren#:~:text=M%C3%A5larkitekturen%20beskriver%20hvilke%20egenskaper%20og%20funksjoner%20som%20er,samt%20hvilke%20felleskomponenter%20som%20sektoren%20%C3%B8nsker%20skal%20etableres%2Fvidereutvikles."
nedlastede_filer\020_Målarkitektur_for_datadeling_i_helse-_og_omsorgssektoren_(ehelse.html,"https://www.ehelse.no/standardisering/standarder/malarkitektur-for-datadeling-i-helse-og-omsorgssektoren#:~:text=M%C3%A5larkitekturen%20beskriver%20hvilke%20egenskaper%20og%20funksjoner%20som%20er,samt%20hvilke%20felleskomponenter%20som%20sektoren%20%C3%B8nsker%20skal%20etableres%2Fvidereutvikles."
nedlastede_filer\021_Referansearkitektur_for_datadeling.pdf,https://www.ehelse.no/standardisering/standarder/referansearkitektur-for-datadeling
"nedlastede_filer\021_Referansearkitektur_for_datadeling,_se_kap_4.3_og_4.4_(ehelse.html",https://www.ehelse.no/standardisering/standarder/referansearkitektur-for-datadeling
nedlastede_filer\022_Dokumentasjon_av_API_og_FHIR_for_pasientens_prøvesvar_(nhn.html,https://utviklerportal.nhn.no/informasjonstjenester/pasientens-proevesvar/
nedlastede_filer\023_XML-skjema_for_svarrapport_1.4_(ehelse.xsd.txt,https://git.sarepta.ehelse.no/publisert/standarder/raw/master/skjema/svarrapport/svar-v1.4.xsd
nedlastede_filer\024_Kritisk_informasjon-API(nhn.html,https://kjernejournal.atlassian.net/wiki/spaces/KJERNEJOURDOK1/pages/836796547/Kritisk+informasjon-API+Alert+information
nedlastede_filer\025_Mobile_access_to_Health_Documents(ihe.html,https://profiles.ihe.net/ITI/TF/Volume1/ch-33.html
nedlastede_filer\026_IHE_ITI_TF_WhitePaper_AccessControl_2009-09-28.pdf,https://profiles.ihe.net/ITI/TF/Volume1/ch-13.html
nedlastede_filer\026_Cross_Enterprise_User_Assertion(ihe.html,https://profiles.ihe.net/ITI/TF/Volume1/ch-13.html
nedlastede_filer\027_IHE_Suppl_XCA_Deferred_Option.pdf,https://profiles.ihe.net/ITI/TF/Volume1/ch-18.html
nedlastede_filer\027_IHE_ITI_Suppl_AsyncAS4Option.pdf,https://profiles.ihe.net/ITI/TF/Volume1/ch-18.html
nedlastede_filer\027_Cross-Community_Access(ihe.html,https://profiles.ihe.net/ITI/TF/Volume1/ch-18.html
nedlastede_filer\028_XDS_specification_(ihe.html,https://wiki.ihe.net/index.php/Cross-Enterprise_Document_Sharing
nedlastede_filer\029_Sentralt_styringsdokument_-_Steg_2_for_digital_samhandling.pdf,https://www.ehelse.no/arkitektur/nasjonal-arkitekturstyring/oversikt-over-digitale-samhandlingsformer#tekniske-samhandlingsformer
nedlastede_filer\029_Oversikt_over_tekniske_samhandlingsformer.html,https://www.ehelse.no/arkitektur/nasjonal-arkitekturstyring/oversikt-over-digitale-samhandlingsformer#tekniske-samhandlingsformer
nedlastede_filer\030_Bruk_av_databehandler.pdf,https://www.ehelse.no/normen/normen-dokumenter/bruk-av-databehandler-faktaark-10
nedlastede_filer\030_Bruk_av_databehandler(ehelse.html,https://www.ehelse.no/normen/normen-dokumenter/bruk-av-databehandler-faktaark-10
nedlastede_filer\031_kvalitet-i-e-resept-2017.pdf,https://www.nhn.no/tjenester/e-resept/om-e-resept
nedlastede_filer\031_Om_e-resept_(nhn.html,https://www.nhn.no/tjenester/e-resept/om-e-resept
nedlastede_filer\032_Om_kjernejournal_(nhn.html,https://www.nhn.no/tjenester/kjernejournal
nedlastede_filer\033_Dokumentasjon_av_pasientens_prøvesvar_(nhn.html,https://www.nhn.no/tjenester/pasientens-provesvar
nedlastede_filer\034_Personvern_og_tilgangsstyring(nhn.html,https://utviklerportal.nhn.no/informasjonstjenester/pts/
nedlastede_filer\035_NHN_Utviklerportal.html,https://utviklerportal.nhn.no
nedlastede_filer\036_Om_personvernkomponenten_(nhn.html,https://helsenorge.atlassian.net/wiki/spaces/HELSENORGE/pages/376602660/Generelt+om+PVK
nedlastede_filer\037_HIS_1218_2019_Kobling_av_relaterte_meldinger_med_bruk_av_identifikatorer_-oppdat.pdf,https://www.ehelse.no/standardisering/standarder/kobling-av-relaterte-meldinger-med-bruk-av-identifikatorer
nedlastede_filer\037_Kobling_av_relaterte_meldinger_med_bruk_av_identifikatorer_(ehelse.html,https://www.ehelse.no/standardisering/standarder/kobling-av-relaterte-meldinger-med-bruk-av-identifikatorer
nedlastede_filer\038_HIS_1174_2017_Bruk_av_kontaktopplysninger_-oppdatert.pdf,https://www.ehelse.no/standardisering/standarder/bruk-av-kontaktopplysninger-i-basismeldinger-dialogmelding-og-pleie-og-omsorgsmeldinger
"nedlastede_filer\038_Bruk_av_kontaktopplysninger_i_basismeldinger,_dialogmelding_og_pleie-_og_omsorgs.html",https://www.ehelse.no/standardisering/standarder/bruk-av-kontaktopplysninger-i-basismeldinger-dialogmelding-og-pleie-og-omsorgsmeldinger
nedlastede_filer\039_HIS_1101_2015_Bruk_av_laboratoriekodeverk_-oppdatert.pdf,https://www.ehelse.no/standardisering/standarder/bruk-av-laboratoriekodeverk-i-rekvirering-og-svarrapportering-av-medisinske-tjenester
nedlastede_filer\039_Bruk_av_laboratoriekodeverk_i_rekvirering_og_svarrapportering_av_medisinske_tjen.html,https://www.ehelse.no/standardisering/standarder/bruk-av-laboratoriekodeverk-i-rekvirering-og-svarrapportering-av-medisinske-tjenester
nedlastede_filer\040_HIS_1102_2014_Bruk_av_rekvisisjon_og_svarrapport_-oppdatert.pdf,https://www.ehelse.no/standardisering/standarder/bruk-av-standardene-rekvirering-av-medisinske-tjenester-og-svarrapportering-av-medisinske-tjenester
nedlastede_filer\040_Bruk_av_standardene_Rekvirering_av_medisinske_tjenester_og_Svarrapportering_av_m.html,https://www.ehelse.no/standardisering/standarder/bruk-av-standardene-rekvirering-av-medisinske-tjenester-og-svarrapportering-av-medisinske-tjenester
nedlastede_filer\041_HIS_1138_2014_Svarrapport-MedisinskBiokjemi_-oppdatert.pdf,https://www.ehelse.no/standardisering/standarder/medisinsk-biokjemi-v1.4-svarrapport
nedlastede_filer\041_Medisinsk_biokjemi_v1.4_[Svarrapport]_(ehelse.html,https://www.ehelse.no/standardisering/standarder/medisinsk-biokjemi-v1.4-svarrapport
nedlastede_filer\042_HIS_1139_2014_Svarrapport-Medisinsk_mikrobiologi_-oppdatert.pdf,https://www.ehelse.no/standardisering/standarder/medisinsk-mikrobiologi-v1.4-svarrapport
nedlastede_filer\042_Medisinsk_mikrobiologi_v1.4_[Svarrapport]_(ehelse.html,https://www.ehelse.no/standardisering/standarder/medisinsk-mikrobiologi-v1.4-svarrapport
nedlastede_filer\043_HIS_1140_2014_Svarrapport-Immunologi_og_transfusjonsmedisin_v1.4-oppdatert.pdf,https://www.ehelse.no/standardisering/standarder/immunologi-og-transfusjonsmedisin-v1.4-svarrapport
nedlastede_filer\043_Immunologi_og_transfusjonsmedisin_v1.4_[Svarrapport]_(ehelse.html,https://www.ehelse.no/standardisering/standarder/immunologi-og-transfusjonsmedisin-v1.4-svarrapport
nedlastede_filer\044_HIS_1141_2014_Svarrapport-Patologi_-oppdatert.pdf,https://www.ehelse.no/standardisering/standarder/patologi-v1.4-svarrapport
nedlastede_filer\044_Patologi_v1.4_[Svarrapport]_(ehelse.html,https://www.ehelse.no/standardisering/standarder/patologi-v1.4-svarrapport
nedlastede_filer\045_HIS_1142_2014_Svarrapport_radiologi_-oppdatert.pdf,https://www.ehelse.no/standardisering/standarder/radiologi-v1.4-svarrapport
nedlastede_filer\045_Radiologi_v1.4_[Svarrapport]_(ehelse.html,https://www.ehelse.no/standardisering/standarder/radiologi-v1.4-svarrapport
nedlastede_filer\046_HIS_80822_2014_Svarrapportering_av_medisinske_tjenester_v1.4_-oppdatert.pdf,https://www.ehelse.no/standardisering/standarder/svarrapportering-av-medisinske-tjenester-v1.4
nedlastede_filer\046_Svarrapportering_av_medisinske_tjenester_v.1.4_(ehelse.html,https://www.ehelse.no/standardisering/standarder/svarrapportering-av-medisinske-tjenester-v1.4
nedlastede_filer\047_Veileder_digital_pasientkommunikasjon.pdf,https://www.ehelse.no/normen/normen-dokumenter/Veileder%20i%20digital%20pasientkommunikasjon
nedlastede_filer\047_Vedlegg_veileder_i_digital_pasientkommunikasjon_kap_3..pdf,https://www.ehelse.no/normen/normen-dokumenter/Veileder%20i%20digital%20pasientkommunikasjon
nedlastede_filer\047_Veileder_i_digital_pasientkommunikasjon_(ehelse.html,https://www.ehelse.no/normen/normen-dokumenter/Veileder%20i%20digital%20pasientkommunikasjon
nedlastede_filer\048_Lov_om_pasient-_og_brukerrettigheter(lovdata.html,https://lovdata.no/dokument/NL/lov/1999-07-02-63?q=Pasient-%20og%20brukerrettighetsloven
nedlastede_filer\049_Lov_om_behandling_av_personopplysninger(lovdata.html,https://lovdata.no/dokument/NL/lov/2018-06-15-38?q=personopplysningsloven
nedlastede_filer\050_HIS_1169_2016_IHE_XDS_metadata_-oppdatert.pdf,https://www.ehelse.no/standardisering/standarder/ihe-xds-metadata
nedlastede_filer\050_Norsk_profil_for_IHE_XDS.b_(ehelse.html,https://www.ehelse.no/standardisering/standarder/ihe-xds-metadata
nedlastede_filer\051_Anbefaling_av_tillitsmodell_for_data-_og_dokumentdeling.pdf,https://www.ehelse.no/standardisering/standarder/anbefaling-av-tillitsmodell-for-data-og-dokumentdeling
nedlastede_filer\051_Anbefaling_av_tillitsmodell_for_data-_og_dokumentdeling_(ehelse.html,https://www.ehelse.no/standardisering/standarder/anbefaling-av-tillitsmodell-for-data-og-dokumentdeling
nedlastede_filer\052_Sentralt_styringsdokument_-_Steg_2_for_digital_samhandling.pdf,https://www.ehelse.no/arkitektur/nasjonal-arkitekturstyring/oversikt-over-digitale-samhandlingsformer#organisatoriske-samhandlingsformer
nedlastede_filer\052_Oversikt_over_organisatoriske_samhandlingsformer.html,https://www.ehelse.no/arkitektur/nasjonal-arkitekturstyring/oversikt-over-digitale-samhandlingsformer#organisatoriske-samhandlingsformer
nedlastede_filer\053_Testing_og_testdata.pdf,https://www.ehelse.no/normen/normen-dokumenter/Testing%20og%20testdata%20(faktaark%2043)
nedlastede_filer\053_Testing_og_testdata(ehelse.html,https://www.ehelse.no/normen/normen-dokumenter/Testing%20og%20testdata%20(faktaark%2043)
nedlastede_filer\054_Sikkerhetskrav_og_sikkerhetsdokumentasjon_i_IKT-prosjekter.pdf,https://www.ehelse.no/normen/normen-dokumenter/sikkerhetskrav-og-sikkerhetsdokumentasjon-i-ikt-prosjekter-faktaark-37
nedlastede_filer\054_Sikkerhetskrav_og_sikkerhetsdokumentasjon_i_IKT-prosjekter(ehelse.html,https://www.ehelse.no/normen/normen-dokumenter/sikkerhetskrav-og-sikkerhetsdokumentasjon-i-ikt-prosjekter-faktaark-37
nedlastede_filer\055_Trusselutsatte_personer_med_adressesperre.pdf,https://www.ehelse.no/normen/normen-dokumenter/sperret-adresse-i-folkeregisteret-faktaark-55
nedlastede_filer\055_veileder-adressesperre-endelig-versjon-1-0-13-januar-2023.pdf,https://www.ehelse.no/normen/normen-dokumenter/sperret-adresse-i-folkeregisteret-faktaark-55
nedlastede_filer\055_Sperret_adresse_i_folkeregisteret(ehelse.html,https://www.ehelse.no/normen/normen-dokumenter/sperret-adresse-i-folkeregisteret-faktaark-55
nedlastede_filer\056_Kommunikasjon_over_åpne_nett.pdf,https://www.ehelse.no/normen/normen-dokumenter/Kommunikasjon%20over%20%C3%A5pne%20nett%20(faktaark%2024)
nedlastede_filer\056_Kommunikasjon_over_åpne_nett(ehelse.html,https://www.ehelse.no/normen/normen-dokumenter/Kommunikasjon%20over%20%C3%A5pne%20nett%20(faktaark%2024)
nedlastede_filer\057_Sikkerhets-_og_samhandlingsarkitektur_ved_tilgang_til_helseopplysninger_mellom_v.pdf,https://www.ehelse.no/normen/normen-dokumenter/sikkerhets-og-samhandlingsarkitektur-ved-tilgang-til-helseopplysninger-mellom-virksomheter-faktaark-20c
nedlastede_filer\057_Sikkerhets-_og_samhandlingsarkitektur_ved_tilgang_til_helseopplysninger_mellom_v.html,https://www.ehelse.no/normen/normen-dokumenter/sikkerhets-og-samhandlingsarkitektur-ved-tilgang-til-helseopplysninger-mellom-virksomheter-faktaark-20c
nedlastede_filer\058_Tilgangsstyring.pdf,https://www.ehelse.no/normen/normen-dokumenter/tilgangsstyring-faktaark-14
nedlastede_filer\058_Tilgangsstyring(ehelse.html,https://www.ehelse.no/normen/normen-dokumenter/tilgangsstyring-faktaark-14
nedlastede_filer\059_Logging_og_innsyn_i_logg.pdf,https://www.ehelse.no/normen/normen-dokumenter/logging-og-innsyn-i-logg-faktaark-15
nedlastede_filer\059_Logging_og_innsyn_i_logg(ehelse.html,https://www.ehelse.no/normen/normen-dokumenter/logging-og-innsyn-i-logg-faktaark-15
nedlastede_filer\060_10_E-resept_-_Generelle_bruksvilkår_v3.0.pdf,https://e-resept.atlassian.net/wiki/spaces/ERDOK/pages/2313421608/Rekvirentspesifikasjon+for+e-resept
nedlastede_filer\060_Rekvirentspesifikasjon_for_e-resept_(nhn.html,https://e-resept.atlassian.net/wiki/spaces/ERDOK/pages/2313421608/Rekvirentspesifikasjon+for+e-resept
nedlastede_filer\061_Veileder_for_åpne_API_i_helse-_og_omsorgssektoren_HITR-1229-2020.pdf,https://www.ehelse.no/standardisering/standarder/veiledning-for-%C3%A5pne-api-i-helse-og-omsorgssektoren
nedlastede_filer\061_Oppsummering_innspill_til_Veileder_for_åpne_API.pdf,https://www.ehelse.no/standardisering/standarder/veiledning-for-%C3%A5pne-api-i-helse-og-omsorgssektoren
nedlastede_filer\061_Veileder_for_åpne_API_i_helse-_og_omsorgsektoren_(ehelse.html,https://www.ehelse.no/standardisering/standarder/veiledning-for-%C3%A5pne-api-i-helse-og-omsorgssektoren
nedlastede_filer\062_Veileder_om_risikostyring_for_informasjonssikkerhet_og_personvern_v.1.1.pdf,https://www.ehelse.no/normen/normen-dokumenter/Veileder-om-risikostyring-i-informasjonssikkerhet%20og%20personvern
nedlastede_filer\062_Vedlegg_veileder_risikostyring_3.1_Eksempler_på_prioritering_av_systemer_v.1.1.pdf,https://www.ehelse.no/normen/normen-dokumenter/Veileder-om-risikostyring-i-informasjonssikkerhet%20og%20personvern
nedlastede_filer\062_Vedlegg_veileder_risikostyring_3.2_Eksempel_på_sannsynlighetsnivåer.pdf,https://www.ehelse.no/normen/normen-dokumenter/Veileder-om-risikostyring-i-informasjonssikkerhet%20og%20personvern
nedlastede_filer\062_Vedlegg_veileder_risikostyring_3.3_Eksempel_på_konsekvensnivåer.pdf,https://www.ehelse.no/normen/normen-dokumenter/Veileder-om-risikostyring-i-informasjonssikkerhet%20og%20personvern
nedlastede_filer\062_Vedlegg_veileder_risikostyring_3.4_Eksempel_på_hvem_som_kan_akseptere_risiko_v.1.pdf,https://www.ehelse.no/normen/normen-dokumenter/Veileder-om-risikostyring-i-informasjonssikkerhet%20og%20personvern
nedlastede_filer\062_Vedlegg_veileder_risikostyring_3.5_Eksempel_på_scenarioer_v.1.1.pdf,https://www.ehelse.no/normen/normen-dokumenter/Veileder-om-risikostyring-i-informasjonssikkerhet%20og%20personvern
nedlastede_filer\062_Veileder_om_risikostyring_i_informasjonssikkerhet_og_personvern_(ehelse.html,https://www.ehelse.no/normen/normen-dokumenter/Veileder-om-risikostyring-i-informasjonssikkerhet%20og%20personvern
nedlastede_filer\063_Veileder_for_rettigheter_ved_behandling_av_helse-_og_personopplysninger.pdf,https://www.ehelse.no/normen/normen-dokumenter/veileder-for-rettigheter-ved-behandling-av-helse-og-personopplysninger#10.2.3%20Behandling%20av%20helseopplysninger%20i%20Nasjonal%20kjernejournal
nedlastede_filer\063_Flytskjema_retten_til_informasjon_v.1.0.pdf,https://www.ehelse.no/normen/normen-dokumenter/veileder-for-rettigheter-ved-behandling-av-helse-og-personopplysninger#10.2.3%20Behandling%20av%20helseopplysninger%20i%20Nasjonal%20kjernejournal
nedlastede_filer\063_Flytskjema_retten_til_innsyn_v.1.0.pdf,https://www.ehelse.no/normen/normen-dokumenter/veileder-for-rettigheter-ved-behandling-av-helse-og-personopplysninger#10.2.3%20Behandling%20av%20helseopplysninger%20i%20Nasjonal%20kjernejournal
nedlastede_filer\063_Flytskjema_retten_til_retting.pdf,https://www.ehelse.no/normen/normen-dokumenter/veileder-for-rettigheter-ved-behandling-av-helse-og-personopplysninger#10.2.3%20Behandling%20av%20helseopplysninger%20i%20Nasjonal%20kjernejournal
nedlastede_filer\063_Flytskjema_retten_til_sletting.pdf,https://www.ehelse.no/normen/normen-dokumenter/veileder-for-rettigheter-ved-behandling-av-helse-og-personopplysninger#10.2.3%20Behandling%20av%20helseopplysninger%20i%20Nasjonal%20kjernejournal
nedlastede_filer\063_Veileder_for_rettigheter_ved_behandling_av_helse_og_personopplysninger_(ehelse.html,https://www.ehelse.no/normen/normen-dokumenter/veileder-for-rettigheter-ved-behandling-av-helse-og-personopplysninger#10.2.3%20Behandling%20av%20helseopplysninger%20i%20Nasjonal%20kjernejournal
nedlastede_filer\064_Veileder_for_tilgang_til_helseopplysninger.pdf,https://www.ehelse.no/normen/normen-dokumenter/veileder-for-tilgang-til-helse-og-personopplysninger
nedlastede_filer\064_32015r1502.pdf,https://www.ehelse.no/normen/normen-dokumenter/veileder-for-tilgang-til-helse-og-personopplysninger
nedlastede_filer\064_veileder-om-kontroll-og-overvaking-2019.pdf,https://www.ehelse.no/normen/normen-dokumenter/veileder-for-tilgang-til-helse-og-personopplysninger
nedlastede_filer\064_Veileder_for_tilgang_til_helse-_og_personopplysninger_(ehelse.html,https://www.ehelse.no/normen/normen-dokumenter/veileder-for-tilgang-til-helse-og-personopplysninger
nedlastede_filer\065_202404_implementeringsveiledning-fest-v3.5.pdf,https://www.dmp.no/om-oss/distribusjon-av-legemiddeldata/fest/hvordan-bruke-fest#Implementeringsveiledning-FEST-1
nedlastede_filer\065_202404_implementation-guide-fest-v3.5.pdf,https://www.dmp.no/om-oss/distribusjon-av-legemiddeldata/fest/hvordan-bruke-fest#Implementeringsveiledning-FEST-1
nedlastede_filer\065_HIS_3020_2018_M30_FEST_og_forskrivning.pdf,https://www.dmp.no/om-oss/distribusjon-av-legemiddeldata/fest/hvordan-bruke-fest#Implementeringsveiledning-FEST-1
nedlastede_filer\065_informasjonsmodell-og-xml-meldingsbeskrivelse-m30_v2_5-2013-10-08_oppdatert_2017.pdf,https://www.dmp.no/om-oss/distribusjon-av-legemiddeldata/fest/hvordan-bruke-fest#Implementeringsveiledning-FEST-1
nedlastede_filer\065_grensesnittdokumentasjon-for-fest_13052024.pdf,https://www.dmp.no/om-oss/distribusjon-av-legemiddeldata/fest/hvordan-bruke-fest#Implementeringsveiledning-FEST-1
nedlastede_filer\065_interface-documentation-webservice-fest_13052024.pdf,https://www.dmp.no/om-oss/distribusjon-av-legemiddeldata/fest/hvordan-bruke-fest#Implementeringsveiledning-FEST-1
nedlastede_filer\065_Implementeringsveiledning_FEST_(dmp.html,https://www.dmp.no/om-oss/distribusjon-av-legemiddeldata/fest/hvordan-bruke-fest#Implementeringsveiledning-FEST-1
nedlastede_filer\066_Krav_til_utleverere_av_medikamenter_(nhn.html,https://e-resept.atlassian.net/wiki/spaces/ERDOK/pages/953685209/Krav+til+utleverere
nedlastede_filer\067_Om_Helsenorge_(nhn.html,https://www.nhn.no/tjenester/helsenorge
nedlastede_filer\068_Informasjon_om_HelseID_(nhn.html,https://www.nhn.no/tjenester/helseid
nedlastede_filer\069_Interaksjonsdata_fra_DMP_(dmp.html,https://www.dmp.no/bivirkninger-og-sikkerhet/interaksjonsdata-fra-legemiddelverket
nedlastede_filer\070_Informasjonsmodell_for_FEST-katalogen_(hdir.pdf,https://git.sarepta.ehelse.no/publisert/standarder/raw/master/kravdokument/eresept/HIS%203020_2018%20M30%20FEST%20og%20forskrivning.pdf
nedlastede_filer\071_DIGITA~1.pdf,https://www.ehelse.no/horinger/Nasjonal-informasjonsmodell-for-overfolsomhetsreaksjoner
nedlastede_filer\071_Høringssvar_FHI_50050710_1_1.pdf,https://www.ehelse.no/horinger/Nasjonal-informasjonsmodell-for-overfolsomhetsreaksjoner
nedlastede_filer\071_NHN_Høringssvar_-_Nasjonal_informasjonsmodell_for_overfølsomhetsreaksjoner_50049.pdf,https://www.ehelse.no/horinger/Nasjonal-informasjonsmodell-for-overfolsomhetsreaksjoner
nedlastede_filer\071_STATEN~1.pdf,https://www.ehelse.no/horinger/Nasjonal-informasjonsmodell-for-overfolsomhetsreaksjoner
nedlastede_filer\071_KS_Høringssvar_til___Nasjonal_informasjonsmodell_for_overfølsomhetsreaksjoner__5.pdf,https://www.ehelse.no/horinger/Nasjonal-informasjonsmodell-for-overfolsomhetsreaksjoner
nedlastede_filer\071_Helse_Midt-Norge_RHF_Høringssvar_sak_23_588_fra_Helse_Midt-Norge_RHF_50050577_1_.pdf,https://www.ehelse.no/horinger/Nasjonal-informasjonsmodell-for-overfolsomhetsreaksjoner
nedlastede_filer\071_HELSEN~1.pdf,https://www.ehelse.no/horinger/Nasjonal-informasjonsmodell-for-overfolsomhetsreaksjoner
nedlastede_filer\071_HELSES~1.pdf,https://www.ehelse.no/horinger/Nasjonal-informasjonsmodell-for-overfolsomhetsreaksjoner
nedlastede_filer\071_Helse_Vest_RHF_Høyringssvar_på_Nasjonal_informasjonsmodell_på_overfølsomhetsreak.pdf,https://www.ehelse.no/horinger/Nasjonal-informasjonsmodell-for-overfolsomhetsreaksjoner
nedlastede_filer\071_REGION~1.pdf,https://www.ehelse.no/horinger/Nasjonal-informasjonsmodell-for-overfolsomhetsreaksjoner
nedlastede_filer\071_Høringssvar_NasjInfomodell_f_overfølsomhetsreaksjoner_v_Helseplattformen_5005057.pdf,https://www.ehelse.no/horinger/Nasjonal-informasjonsmodell-for-overfolsomhetsreaksjoner
nedlastede_filer\071_APOTEK~1.pdf,https://www.ehelse.no/horinger/Nasjonal-informasjonsmodell-for-overfolsomhetsreaksjoner
nedlastede_filer\071_DENNOR~1.pdf,https://www.ehelse.no/horinger/Nasjonal-informasjonsmodell-for-overfolsomhetsreaksjoner
nedlastede_filer\071_HL7_Norge_-_høringssvar_-_nasjonal_informasjonsmodell_for_overfølsomhetsreaksjon.pdf,https://www.ehelse.no/horinger/Nasjonal-informasjonsmodell-for-overfolsomhetsreaksjoner
nedlastede_filer\071_Norges_Farmaceutiske_Forening_Høring_-_Direktoratet_for_e-helse_50050723_1_1.pdf,https://www.ehelse.no/horinger/Nasjonal-informasjonsmodell-for-overfolsomhetsreaksjoner
nedlastede_filer\071_NORSKS~1.pdf,https://www.ehelse.no/horinger/Nasjonal-informasjonsmodell-for-overfolsomhetsreaksjoner
nedlastede_filer\071___23_588-15_Høringssvar_openEHR_Norge_informasjonsmodell_for_overfølsomheter_500.pdf,https://www.ehelse.no/horinger/Nasjonal-informasjonsmodell-for-overfolsomhetsreaksjoner
nedlastede_filer\071_KERNEL~1.pdf,https://www.ehelse.no/horinger/Nasjonal-informasjonsmodell-for-overfolsomhetsreaksjoner
nedlastede_filer\071_Nasjonal_informasjonsmodell_for_overfølsomhetsreaksjoner_HITS_1251_høringsutkast.pdf,https://www.ehelse.no/horinger/Nasjonal-informasjonsmodell-for-overfolsomhetsreaksjoner
nedlastede_filer\071_Høringsutkast_nasjonal_informasjonsmodell_for_overfølsomhetsreaksjoner_(ehelse.html,https://www.ehelse.no/horinger/Nasjonal-informasjonsmodell-for-overfolsomhetsreaksjoner
nedlastede_filer\072_oppdragsdokument-2019-hso.pdf,https://www.legemiddelverket.no/om-oss/distribusjon-av-legemiddeldata/prosjektet-safest-gjennomforing
nedlastede_filer\072_SAFEST_-_Forskrivnings-_og_ekspedisjonsstøtte_for_spesialisthelsetjenesten_(lege.html,https://www.legemiddelverket.no/om-oss/distribusjon-av-legemiddeldata/prosjektet-safest-gjennomforing
nedlastede_filer\073_Interaksjonssøk_(legemiddelsok.html,https://www.legemiddelsok.no/sider/Interaksjoner.aspx
nedlastede_filer\074_Forskrift_om_pasientjournal(lovdata.html,https://lovdata.no/dokument/SF/forskrift/2019-03-01-168?q=Pasientjournalforskriften
nedlastede_filer\075_Forskrift_om_standarder_og_nasjonale_e-helseløsninger_(lovdata.html,https://lovdata.no/dokument/SF/forskrift/2015-07-01-853?q=Forskrift%20om%20standarder%20og%20nasjonale
nedlastede_filer\076_Forskrift_om_nasjonal_kjernejournal(lovdata.html,https://lovdata.no/dokument/SF/forskrift/2013-05-31-563?q=kjernejournalforskriften
nedlastede_filer\077_Forskrift_om_behandling_av_helseopplysninger_i_nasjonal_database_for_elektronisk.html,https://lovdata.no/dokument/SF/forskrift/2007-12-21-1610
nedlastede_filer\078_best_practice_fmk.pdf,https://www.ehelse.no/horinger/horing-pa-informasjonssiden-pll-i-praksis
nedlastede_filer\078_Hdir_Svar_på_høring_om_dokumentet_PLL_i_praksis_-_saksnummer_231026_med_vedle_50.pdf,https://www.ehelse.no/horinger/horing-pa-informasjonssiden-pll-i-praksis
nedlastede_filer\078_NHN_Høringssvar_-_PLL_i_praksis__50058776_1_1.pdf,https://www.ehelse.no/horinger/horing-pa-informasjonssiden-pll-i-praksis
nedlastede_filer\078_23_1026-45_23_1026_Vedlegg_Innspill_til_Informasjonssiden_PLL_i_praksis_NHN_5005.pdf,https://www.ehelse.no/horinger/horing-pa-informasjonssiden-pll-i-praksis
nedlastede_filer\078___23_1026-4_helsetilsynet_Høringssvar_sak_23_1026_50057473_1_1.pdf,https://www.ehelse.no/horinger/horing-pa-informasjonssiden-pll-i-praksis
nedlastede_filer\078_Statens_legemiddelverk_Høringssvar_23_1026_50058453_1_1.pdf,https://www.ehelse.no/horinger/horing-pa-informasjonssiden-pll-i-praksis
nedlastede_filer\078_Statens_legemiddelverk_NOTATER_KNYTTET_TIL_HØRINGSUTKAST_PLL_I_PRAKSIS50058454_1.pdf,https://www.ehelse.no/horinger/horing-pa-informasjonssiden-pll-i-praksis
nedlastede_filer\078_Finnmarkssykehuset_saksnummer_23_1026_50058448_1_1.pdf,https://www.ehelse.no/horinger/horing-pa-informasjonssiden-pll-i-praksis
nedlastede_filer\078_23_1026-17_23_1026_Høringssvarskjema_-_PLL_i_praksis_Haraldsplass_Diakonale_Syke.pdf,https://www.ehelse.no/horinger/horing-pa-informasjonssiden-pll-i-praksis
nedlastede_filer\078_Høringssvar_Helse_Bergen_PLL_i_praksis_50057820_1_1.pdf,https://www.ehelse.no/horinger/horing-pa-informasjonssiden-pll-i-praksis
nedlastede_filer\078_23_1026-21_2023-10_Høringssvarskjema_-_PLL_i_praksis_Klinisk_ressursgruppe_PLL_i.pdf,https://www.ehelse.no/horinger/horing-pa-informasjonssiden-pll-i-praksis
nedlastede_filer\078_23_1026-21_2023_Oktober_Høringsdokument_PLL_i_praksis__innspill_fra_PLL_i_nord_K.pdf,https://www.ehelse.no/horinger/horing-pa-informasjonssiden-pll-i-praksis
nedlastede_filer\078_HSØ_Høringssvar_-_PLL_i_praksis_50059256_1_1.pdf,https://www.ehelse.no/horinger/horing-pa-informasjonssiden-pll-i-praksis
nedlastede_filer\078_Sykehuset_Østfold__Høring_-_PLL_i_praksis_50058185_1_1.pdf,https://www.ehelse.no/horinger/horing-pa-informasjonssiden-pll-i-praksis
nedlastede_filer\078_Helse_Vest_IKT_AS_Høringssvar_PLL_i_praksis_Helse_Vest_IKT_50058442_1_1.pdf,https://www.ehelse.no/horinger/horing-pa-informasjonssiden-pll-i-praksis
nedlastede_filer\078_23_1026-50_Høyringssvar_frå_Helse_Vest_RHF_-_PLL_i_praksis_50058827_1_1.pdf,https://www.ehelse.no/horinger/horing-pa-informasjonssiden-pll-i-praksis
nedlastede_filer\078_SAHF_Høringssvarskjema_-_PLL_i_praksis_50058767_1_1.pdf,https://www.ehelse.no/horinger/horing-pa-informasjonssiden-pll-i-praksis
nedlastede_filer\078_Uttalelse_fra_brukerutvalget_i_Helse_Sør-Øst_RHF_-_Pasientens_legemiddelliste_PL.pdf,https://www.ehelse.no/horinger/horing-pa-informasjonssiden-pll-i-praksis
nedlastede_filer\078_Bergen_kommune__Høringssvarskjema_-_PLL_i_praksis_50058718_1_1.pdf,https://www.ehelse.no/horinger/horing-pa-informasjonssiden-pll-i-praksis
nedlastede_filer\078_23_1026-64_Høringssvar_KS_Pasientens_legemiddelliste-PLL_i_praksis_50060271_1_1.pdf,https://www.ehelse.no/horinger/horing-pa-informasjonssiden-pll-i-praksis
nedlastede_filer\078_Oslo_kommune_Høringsinnspill_til-__PLL_i_praksis.pdf,https://www.ehelse.no/horinger/horing-pa-informasjonssiden-pll-i-praksis
nedlastede_filer\078_23_1026-19_Saksnummer_23-1026_Høringssvarskjema_-_PLL_i_praksis_Høringssvar_fra_.pdf,https://www.ehelse.no/horinger/horing-pa-informasjonssiden-pll-i-praksis
nedlastede_filer\078_Helseplattformen_Høringssvarskjema_-_PLL_i_praksis_50058790_1_1.pdf,https://www.ehelse.no/horinger/horing-pa-informasjonssiden-pll-i-praksis
nedlastede_filer\078_Tilleggsnotat_Helseplattformen_Høringssvar-_pkt_11_Annet_50058791_1_1.pdf,https://www.ehelse.no/horinger/horing-pa-informasjonssiden-pll-i-praksis
nedlastede_filer\078_Høringssvar_-_PLL_i_praksis_-_fra_Apotekforeningen_50058526_1_1.pdf,https://www.ehelse.no/horinger/horing-pa-informasjonssiden-pll-i-praksis
nedlastede_filer\078_Den_norske_tannlegeforening_Kommentarer_PLL_innspill_fra_NTF_50058577_1_1.pdf,https://www.ehelse.no/horinger/horing-pa-informasjonssiden-pll-i-praksis
nedlastede_filer\078_Fagforbundet_Høring_-_pasientens_legemiddelliste_-_PLL_i_praksis_50058771_1_1.pdf,https://www.ehelse.no/horinger/horing-pa-informasjonssiden-pll-i-praksis
nedlastede_filer\078_23_1026-46_2023-10_Høringssvarskjema_-_PLL_i_praksis-_Kommunefarmasøytene_500587.pdf,https://www.ehelse.no/horinger/horing-pa-informasjonssiden-pll-i-praksis
nedlastede_filer\078_Legeforeningen_Høringsuttalelse_–_Informasjonsside_PLL_i_praksis_50060259_1_1.pdf,https://www.ehelse.no/horinger/horing-pa-informasjonssiden-pll-i-praksis
nedlastede_filer\078_23_1026-20_2023-10_Høringssvarskjema_-_PLL_i_praksis_Nasjonalforeningen_for_folk.pdf,https://www.ehelse.no/horinger/horing-pa-informasjonssiden-pll-i-praksis
nedlastede_filer\078_Norges_Farmaceutiske_Forening_Høringsuttalelse50058797_1_1.pdf,https://www.ehelse.no/horinger/horing-pa-informasjonssiden-pll-i-praksis
nedlastede_filer\078_Norsk__Høringssvarskjema_-_PLL_i_praksis_50057890_1_1.pdf,https://www.ehelse.no/horinger/horing-pa-informasjonssiden-pll-i-praksis
nedlastede_filer\078_Norske_Sykehusfarmasøyters_Forening_Høringssvarskjema_-_PLL_i_praksis_50058458_1.pdf,https://www.ehelse.no/horinger/horing-pa-informasjonssiden-pll-i-praksis
nedlastede_filer\078_Norsk_sykepleierforbund_Høringssvar_Høring_PLL_i_praksis_50058466_1_1.pdf,https://www.ehelse.no/horinger/horing-pa-informasjonssiden-pll-i-praksis
nedlastede_filer\078_Nasjonalt_senter_for_e-helseforskning_Høringssvarskjema_-_PLL_i_praksis_NSE_5005.pdf,https://www.ehelse.no/horinger/horing-pa-informasjonssiden-pll-i-praksis
nedlastede_filer\078_Høringssvarskjema_-_PLL_i_praksis_-_Selskapene_i_Kernel-gruppen_50058708_1_1.pdf,https://www.ehelse.no/horinger/horing-pa-informasjonssiden-pll-i-praksis
nedlastede_filer\078_Nasjonalt_kompetansenettverk_for_legemidler_til_barn_Høringssvarskjema_-_PLL_i_p.pdf,https://www.ehelse.no/horinger/horing-pa-informasjonssiden-pll-i-praksis
nedlastede_filer\078_PLL_i__praksis_Sammendrag_Høringsinnspill_Q1_2024.pdf,https://www.ehelse.no/horinger/horing-pa-informasjonssiden-pll-i-praksis
nedlastede_filer\078_Høringsdokument_PLL_i_praksis.pdf,https://www.ehelse.no/horinger/horing-pa-informasjonssiden-pll-i-praksis
nedlastede_filer\078_Pasientens_legemiddelliste_-_PLL_i_praksis_(ehelse.html,https://www.ehelse.no/horinger/horing-pa-informasjonssiden-pll-i-praksis
nedlastede_filer\079_HIS_3024_2022_M25.1_Legemidler_i_bruk_-_PLL.pdf,https://www.ehelse.no/standardisering/standarder/m25.1-legemidler-i-bruk
nedlastede_filer\079_Legemidler_i_bruk(hdir.html,https://www.ehelse.no/standardisering/standarder/m25.1-legemidler-i-bruk
nedlastede_filer\080_Legemiddelsamstemming_og_legemiddelgjennomgang_(hdir.html,https://www.helsedirektoratet.no/faglige-rad/legemiddelsamstemming-og-legemiddelgjennomgang
nedlastede_filer\081_Lov_om_helsepersonell_m.v.(lovdata.html,https://lovdata.no/dokument/NL/lov/1999-07-02-64?q=helsepersonelloven
nedlastede_filer\082_Rundskriv_til_legemiddelhåndteringsforskriften(hdir.pdf,https://www.helsedirektoratet.no/rundskriv/legemiddelhandteringsforskriften-med-kommentarer/Legemiddelh%C3%A5ndteringsforskriften%20med%20kommentarer%20(rev)%20%E2%80%93%20Rundskriv.pdf/_/attachment/inline/506142af-6a2f-407f-8f3d-b87d3adc3cd5:81191d21a0a9e3131cb80deff61f723499f3f65c/Legemiddelh%C3%A5ndteringsforskriften%20med%20kommentarer%20(rev)%20%E2%80%93%20Rundskriv.pdf
nedlastede_filer\083_ePrescription_and_eDispensation_of_Authorised_Medicinal_Products(ec.europa.pdf,https://health.ec.europa.eu/document/download/b744f30b-a05e-4b9c-9630-ad96ebd0b2f0_en?filename=ehn_guidelines_eprescriptions_en.pdf
nedlastede_filer\084_Internasjonale_standarder_for_legemiddelinformasjon.pdf,https://www.ehelse.no/standardisering/standarder/Veileder%20om%20internasjonale%20standarder%20for%20legemiddelinformasjon
nedlastede_filer\084_UNICOM_Gap-Analysis.draft_.v12-1.pdf,https://www.ehelse.no/standardisering/standarder/Veileder%20om%20internasjonale%20standarder%20for%20legemiddelinformasjon
nedlastede_filer\084_Veileder_om_internasjonale_standarder_på_legemiddelområdet_(ehelse.html,https://www.ehelse.no/standardisering/standarder/Veileder%20om%20internasjonale%20standarder%20for%20legemiddelinformasjon
nedlastede_filer\085_Fortolkning_-_spørsmål_om_bruk_av_opplysninger_i_kjernejournal_der_formålet_er_å.pdf,https://www.ehelse.no/regelverk/regelverk-om-deling-av-helseopplysninger/_/attachment/inline/12836bcb-3ef9-463a-bf36-1e9f8116e25a:753f25e56e9f7b88450ddc59d6e0b8e278138ab9/Fortolkning%20-%20sp%C3%B8rsm%C3%A5l%20om%20bruk%20av%20opplysninger%20i%20kjernejournal%20der%20form%C3%A5let%20er%20%C3%A5%20yte%20helsehjelp%20til%20en%20annen%20pasient%20eller%20til%20egen%20l%C3%A6ring%20og%20kvalitetssikri.pdf
nedlastede_filer\086_Juridisk_vurdering_av_Pasientens_journaldokumenter(ehelse.pdf,https://www.ehelse.no/regelverk/regelverk-om-deling-av-helseopplysninger/_/attachment/inline/47957976-add2-4635-b1cd-2300a98b415a:e0fefc58782aed7bc6d462cac671fb39744f83fc/Juridisk%20vurdering%20av%20og%20uttalelse%20om%20dokumentdeling%20via%20kjernejournal.pdf
nedlastede_filer\087_EU-guidelines_on_patient_summary(health.ec.europa.pdf,https://health.ec.europa.eu/document/download/e020f311-c35b-45ae-ba3d-03212b57fa65_en?filename=ehn_guidelines_patientsummary_en.pdf
nedlastede_filer\088_EU-guidelines_on_laboratory_results_(health.ec.europa.html,https://health.ec.europa.eu/publications/ehn-laboratory-result-guidelines_en
nedlastede_filer\089_SFM_Basis_API_(nhn.html,https://e-resept.atlassian.net/wiki/spaces/SFMDOK/pages/2160493776/SFM+Basis+API
nedlastede_filer\090_SFM_Fullversjon_(nhn.html,https://e-resept.atlassian.net/wiki/spaces/SFMDOK/pages/2160492688/SFM+Fullversjon
nedlastede_filer\091_Alvorlighetsgrad(finnkode.html,https://finnkode.helsedirektoratet.no/adm/collections/7520
nedlastede_filer\092_Underkategorier_av_kritisk_informasjon(finnkode.html,https://finnkode.helsedirektoratet.no/adm/collections/7651
nedlastede_filer\093_Koder_for_tilgangsbegrensninger_i_behandlingsrettede_helseregistre(finnkode.html,https://finnkode.helsedirektoratet.no/adm/collections/9603
nedlastede_filer\094_Prosedyreendringer_som_kritisk_informasjon(finnkode.html,https://finnkode.helsedirektoratet.no/adm/collections/7522
nedlastede_filer\095_Enhet_for_pakning(finnkode.html,https://finnkode.helsedirektoratet.no/adm/collections/7452
nedlastede_filer\096_Reaksjonstyper(finnkode.html,https://finnkode.helsedirektoratet.no/adm/collections/7497
nedlastede_filer\097_Smittetype_som_kritisk_informasjon(finnkode.html,https://finnkode.helsedirektoratet.no/adm/collections/7519
nedlastede_filer\098_ATC(finnkode.html,https://finnkode.helsedirektoratet.no/adm/collections/7180
nedlastede_filer\099_Metode_for_utlevering_av_vare(finnkode.html,https://finnkode.helsedirektoratet.no/adm/collections/7404
nedlastede_filer\100_Status_søknad_SLV(finnkode.html,https://finnkode.helsedirektoratet.no/adm/collections/7436
nedlastede_filer\101_Dokumenttyper(finnkode.html,https://finnkode.helsedirektoratet.no/adm/collections/9602
nedlastede_filer\102_Produktgruppe(finnkode.html,https://finnkode.helsedirektoratet.no/adm/collections/7403
nedlastede_filer\103_Typer_av_kritisk_informasjon(finnkode.html,https://finnkode.helsedirektoratet.no/adm/collections/7650
nedlastede_filer\104_Status_resept(finnkode.html,https://finnkode.helsedirektoratet.no/adm/collections/7408
nedlastede_filer\105_Intubasjonsproblem_som_kritisk_informasjon(finnkode.html,https://finnkode.helsedirektoratet.no/adm/collections/7515
nedlastede_filer\106_Mulighet_for_maskeventilasjon(finnkode.html,https://finnkode.helsedirektoratet.no/adm/collections/7516
nedlastede_filer\107_Pågående_behandling_som_kritisk_informasjon(finnkode.html,https://finnkode.helsedirektoratet.no/adm/collections/7517
nedlastede_filer\108_Implantater_som_kritisk_informasjon(finnkode.html,https://finnkode.helsedirektoratet.no/adm/collections/7518
nedlastede_filer\109_Hjemmel_for_refusjon_med_medisinsk_begrunnelse_-_ny_forskrift(finnkode.html,https://finnkode.helsedirektoratet.no/adm/collections/7427
nedlastede_filer\110_Annen_allergi_som_kritisk_informasjon(finnkode.html,https://finnkode.helsedirektoratet.no/adm/collections/7514
nedlastede_filer\111_Bekreftelse(finnkode.html,https://finnkode.helsedirektoratet.no/adm/collections/7524
nedlastede_filer\112_Sannsynlighet(finnkode.html,https://finnkode.helsedirektoratet.no/adm/collections/7521
nedlastede_filer\113_Helsepersonellregisteretsklassifikasjon_av_spesialiteter(finnkode.html,https://finnkode.helsedirektoratet.no/adm/collections/7426
"nedlastede_filer\114_Ja,_nei(finnkode.html",https://finnkode.helsedirektoratet.no/adm/collections/1101
nedlastede_filer\115_Rolle_i_forhold_til_pasient(finnkode.html,https://finnkode.helsedirektoratet.no/adm/collections/7490
nedlastede_filer\116_TypeResept(finnkode.html,https://finnkode.helsedirektoratet.no/adm/collections/7491
nedlastede_filer\117_Kommentar_til_oppføring_i_LIB(finnkode.html,https://finnkode.helsedirektoratet.no/adm/collections/7495
nedlastede_filer\118_Nasjonalt_register_over_enheter_i_spesialisthelsetjenesten(finnkode.html,https://finnkode.helsedirektoratet.no/adm/collections/3512
nedlastede_filer\119_Kilde_til_opplysninger(finnkode.html,https://finnkode.helsedirektoratet.no/adm/collections/7498
nedlastede_filer\120_Kritisk_medisinsk_tilstand_-_begrunnelse(finnkode.html,https://finnkode.helsedirektoratet.no/adm/collections/7513
nedlastede_filer\121_Årsak_til_seponering(finnkode.html,https://finnkode.helsedirektoratet.no/adm/collections/7494
nedlastede_filer\122_Svar_på_oppføring_i_LIB(finnkode.html,https://finnkode.helsedirektoratet.no/adm/collections/7493
nedlastede_filer\123_Reseptformidleren_og_e-resept_(nhn.html,https://utviklerportal.nhn.no/informasjonstjenester/reseptformidleren-og-e-resept/
nedlastede_filer\124_Proposal_for_a_Regulation_on_the_European_Health_Data_Space(consilium.europa.pdf,https://www.consilium.europa.eu/media/70909/st07553-en24.pdf
nedlastede_filer\125_HIS_80821_2014_Rekvirering_av_medisinske_tjenester_v1.6_-oppdatert.pdf,https://www.ehelse.no/standardisering/standarder/rekvirering-av-medisinske-tjenester-v1.6
nedlastede_filer\125_Rekvirering_av_medisinske_tjenester_v1.6_(ehelse.html,https://www.ehelse.no/standardisering/standarder/rekvirering-av-medisinske-tjenester-v1.6
nedlastede_filer\126_SFM_Fullversjon_(nhn.html,https://simplifier.net/guide/sfmapidatadeling?version=current
nedlastede_filer\127_SFM_Basis_API_(nhn.html,https://simplifier.net/guide/sfmapibasis?version=current
nedlastede_filer\128_Nasjonal_informasjonsmodell_for_kritisk_informasjon_(ehelse.html,https://www.ehelse.no/oversikt-over-arbeid-med-internasjonale-e-helsestandarder/helse-nim/lage-helse-nim-for-kritisk-informasjon
nedlastede_filer\129_HIS_1254_2024_Svarrapport-Medisinsk_genetikk.pdf,https://www.ehelse.no/standardisering/standarder/medisinsk-genetikk-v1.4-svarrapport
nedlastede_filer\129_Medisinsk_genetikk_v1.4_[Svarrapport]_(ehelse.html,https://www.ehelse.no/standardisering/standarder/medisinsk-genetikk-v1.4-svarrapport
nedlastede_filer\130_Lov_om_behandling_av_helseopplysninger_ved_ytelse_av_helsehjelp(lovdata.html,https://lovdata.no/dokument/NL/lov/2014-06-20-42?q=pasientjournalloven
nedlastede_filer\010_Kodeveiledning_2024.pdf,https://www.ehelse.no/kodeverk-og-terminologi/Norsk-klinisk-prosedyrekodeverk-%28NKPK%29/_/attachment/inline/c8569843-6126-457e-8aef-672aa68d8461:47264841609b87504bb5c7b36c9ba29769a736b7/Kodeveiledning%202024.pdf
nedlastede_filer\010_Kodeveiledning_2023_–_revidert_versjon.pdf,https://www.ehelse.no/kodeverk-og-terminologi/Norsk-klinisk-prosedyrekodeverk-%28NKPK%29/_/attachment/inline/975fcc62-e594-4aa1-9b30-649ec22cdd23:b176fcd559535bfa2793464407a5403bbbf6f0f0/Kodeveiledning%202023%20%E2%80%93%20revidert%20versjon.pdf
nedlastede_filer\010_Komplett_Blåbok_IDC-10_Psykiske_lidelser_og_atferdsforstyrrelser.pdf,https://www.ehelse.no/kodeverk-og-terminologi/Norsk-klinisk-prosedyrekodeverk-%28NKPK%29/_/attachment/inline/d165e3ab-f4c9-45b1-9ce7-24212332ecf7:6875a2309af7447a26d9731a6e7ff2cba814c14e/Komplett%20Bl%C3%A5bok%20IDC-10%20Psykiske%20lidelser%20og%20atferdsforstyrrelser%20%283%29.pdf
nedlastede_filer\010_Alle_prosedyrekoder_2024.txt,https://www.ehelse.no/kodeverk-og-terminologi/Norsk-klinisk-prosedyrekodeverk-%28NKPK%29/_/attachment/inline/0607d594-aa5f-407b-bbcc-e0dade66100f:bdc4f0658a3c0a1b19a0f1809f1f9643ca0907f8/Alle%20prosedyrekoder%202024.xlsx
nedlastede_filer\010_Endringsdokument_NCMP_2023-2024.txt,https://www.ehelse.no/kodeverk-og-terminologi/Norsk-klinisk-prosedyrekodeverk-%28NKPK%29/_/attachment/inline/9c209002-3a44-4415-bf7f-831460b584fe:7cfb7fe301eafbb1a9cdec782df2606b4b84d6b8/Endringsdokument%20NCMP%202023-2024.xlsx
